book_source,chapter_name,question_number_in_book,question_text,options,correct_option,solution_text,exam_metadata,admin_tags
Pinnacle 6800 6th Ed,Percentage,1,What is 20% of 100?,"{""a"":""10"",""b"":""20"",""c"":""30"",""d"":""40""}",b,$20\%$ of $100 = \dfrac{20}{100}\times 100 = 20$,CAT 2023 Slot 1,"Percentage, Basic Math"
Pinnacle 6800 6th Ed,Percentage,2,"If the price of a commodity increases by 25%, by what percentage should it be reduced to bring it back to the original price?","{""a"":""15%"",""b"":""20%"",""c"":""25%"",""d"":""30%""}",b,Let original price be $100$. After 25% increase: $100 + 25 = 125$. To reduce to $100$: $\dfrac{25}{125} \times 100 = 20\%$,CAT 2022 Slot 2,"Percentage, Price Change"
Pinnacle 6800 6th Ed,Profit & Loss,1,A man buys a pen for ₹50 and sells it at a profit of 20%. Find the selling price.,"{""a"":""55"",""b"":""58"",""c"":""60"",""d"":""62""}",c,Selling Price $= 50 + \dfrac{20}{100}\times 50 = 50 + 10 = 60$,CAT 2022 Slot 2,"Profit & Loss, Profit Calculation"
Pinnacle 6800 6th Ed,Profit & Loss,2,A shopkeeper marks his goods 30% above cost price and gives a discount of 10%. What is his profit percentage?,"{""a"":""15%"",""b"":""17%"",""c"":""20%"",""d"":""23%""}",b,Let CP = 100. MP = 130. SP = 130 - 10% of 130 = 130 - 13 = 117. Profit = 117 - 100 = 17. Profit% = $\dfrac{17}{100} \times 100 = 17\%$,CAT 2021 Slot 1,"Profit & Loss, Marked Price, Discount"
Pinnacle 6800 6th Ed,Simple Interest,1,Find the simple interest on ₹1000 at 10% per annum for 2 years.,"{""a"":""150"",""b"":""180"",""c"":""200"",""d"":""220""}",c,$SI = \dfrac{P \times R \times T}{100} = \dfrac{1000 \times 10 \times 2}{100} = 200$,CAT 2021 Slot 1,"Simple Interest, Interest Calculation"
Pinnacle 6800 6th Ed,Simple Interest,2,At what rate of simple interest will ₹5000 amount to ₹6000 in 4 years?,"{""a"":""4%"",""b"":""5%"",""c"":""6%"",""d"":""8%""}",b,SI = 6000 - 5000 = 1000. $R = \dfrac{SI \times 100}{P \times T} = \dfrac{1000 \times 100}{5000 \times 4} = 5\%$,CAT 2020 Slot 2,"Simple Interest, Rate Calculation"
Pinnacle 6800 6th Ed,Compound Interest,1,"Find the compound interest on ₹8000 at 12% per annum for 2 years, compounded annually.","{""a"":""2035.20"",""b"":""2048.00"",""c"":""2056.80"",""d"":""2072.00""}",a,$A = P(1 + \dfrac{R}{100})^n = 8000(1 + \dfrac{12}{100})^2 = 8000 \times 1.2544 = 10035.20$. CI = 10035.20 - 8000 = 2035.20,CAT 2023 Slot 3,"Compound Interest, Annual Compounding"
Pinnacle 6800 6th Ed,Compound Interest,2,The difference between compound interest and simple interest on a sum of money for 2 years at 10% per annum is ₹100. Find the principal.,"{""a"":""8000"",""b"":""9000"",""c"":""10000"",""d"":""11000""}",c,"Difference = $P(\dfrac{R}{100})^2 = P(\dfrac{10}{100})^2 = P \times 0.01 = 100$. Therefore, $P = \dfrac{100}{0.01} = 10000$",CAT 2022 Slot 1,"Compound Interest, Difference between CI and SI"
Pinnacle 6800 6th Ed,Time and Work,1,A can complete a work in 12 days and B can complete the same work in 18 days. In how many days will they complete the work if they work together?,"{""a"":""6.5 days"",""b"":""7.2 days"",""c"":""7.5 days"",""d"":""8 days""}",b,"A's 1 day work = $\dfrac{1}{12}$, B's 1 day work = $\dfrac{1}{18}$. Together: $\dfrac{1}{12} + \dfrac{1}{18} = \dfrac{3+2}{36} = \dfrac{5}{36}$. Time = $\dfrac{36}{5} = 7.2$ days",CAT 2021 Slot 2,"Time and Work, Working Together"
Pinnacle 6800 6th Ed,Time and Work,2,"A pipe can fill a tank in 6 hours and another pipe can empty it in 8 hours. If both pipes are opened together, in how many hours will the tank be filled?","{""a"":""12 hours"",""b"":""18 hours"",""c"":""24 hours"",""d"":""30 hours""}",c,"Filling pipe: $\dfrac{1}{6}$ per hour, Emptying pipe: $\dfrac{1}{8}$ per hour. Net filling: $\dfrac{1}{6} - \dfrac{1}{8} = \dfrac{4-3}{24} = \dfrac{1}{24}$ per hour. Time = 24 hours",CAT 2020 Slot 3,"Time and Work, Pipe and Cistern"
Pinnacle 6800 6th Ed,"Time, Speed and Distance",1,A train 150m long crosses a platform 250m long in 20 seconds. Find the speed of the train.,"{""a"":""54 km/h"",""b"":""60 km/h"",""c"":""72 km/h"",""d"":""80 km/h""}",c,Total distance = 150 + 250 = 400m. Time = 20s. Speed = $\dfrac{400}{20} = 20$ m/s = $20 \times \dfrac{18}{5} = 72$ km/h,CAT 2023 Slot 2,"Time Speed Distance, Train and Platform"
Pinnacle 6800 6th Ed,"Time, Speed and Distance",2,Two trains of lengths 200m and 300m are running in the same direction at speeds of 60 km/h and 40 km/h respectively. In how much time will the faster train overtake the slower train?,"{""a"":""90 seconds"",""b"":""100 seconds"",""c"":""120 seconds"",""d"":""150 seconds""}",a,Relative speed = 60 - 40 = 20 km/h = $20 \times \dfrac{5}{18} = \dfrac{50}{9}$ m/s. Distance to cover = 200 + 300 = 500m. Time = $\dfrac{500}{\dfrac{50}{9}} = 90$ seconds,CAT 2022 Slot 3,"Time Speed Distance, Relative Speed, Overtaking"
Pinnacle 6800 6th Ed,Ratio and Proportion,1,"The ratio of ages of A and B is 3:5. If the sum of their ages is 48 years, find the age of A.","{""a"":""15 years"",""b"":""18 years"",""c"":""20 years"",""d"":""24 years""}",b,"Let ages be 3x and 5x. 3x + 5x = 48, so 8x = 48, x = 6. Age of A = 3x = 3 × 6 = 18 years",CAT 2021 Slot 3,"Ratio and Proportion, Age Problems"
Pinnacle 6800 6th Ed,Ratio and Proportion,2,"If 2A = 3B = 4C, then A:B:C is equal to:","{""a"":""6:4:3"",""b"":""4:3:2"",""c"":""3:2:1"",""d"":""2:3:4""}",a,"Let 2A = 3B = 4C = 12k. Then A = 6k, B = 4k, C = 3k. Therefore, A:B:C = 6k:4k:3k = 6:4:3",CAT 2020 Slot 1,"Ratio and Proportion, Equal Ratios"
Pinnacle 6800 6th Ed,Average,1,"The average of 5 numbers is 20. If one number is excluded, the average becomes 18. Find the excluded number.","{""a"":""22"",""b"":""24"",""c"":""26"",""d"":""28""}",d,Sum of 5 numbers = 5 × 20 = 100. Sum of 4 numbers = 4 × 18 = 72. Excluded number = 100 - 72 = 28,CAT 2023 Slot 1,"Average, Exclusion of Numbers"
Pinnacle 6800 6th Ed,Average,2,"The average weight of 8 students is 45 kg. If the weight of the teacher is also included, the average becomes 47 kg. Find the weight of the teacher.","{""a"":""61 kg"",""b"":""63 kg"",""c"":""65 kg"",""d"":""67 kg""}",b,Total weight of 8 students = 8 × 45 = 360 kg. Total weight including teacher = 9 × 47 = 423 kg. Teacher's weight = 423 - 360 = 63 kg,CAT 2022 Slot 2,"Average, Inclusion of Numbers"
Pinnacle 6800 6th Ed,Number System,1,Find the remainder when 2^100 is divided by 7.,"{""a"":""1"",""b"":""2"",""c"":""3"",""d"":""4""}",b,Using Fermat's Little Theorem: $2^6 \equiv 1 \pmod{7}$. $2^{100} = 2^{96} \times 2^4 = (2^6)^{16} \times 2^4 \equiv 1^{16} \times 16 \equiv 2 \pmod{7}$,CAT 2021 Slot 1,"Number System, Remainders, Fermat's Little Theorem"
Pinnacle 6800 6th Ed,Number System,2,What is the sum of all two-digit numbers that leave remainder 3 when divided by 7?,"{""a"":""676"",""b"":""702"",""c"":""728"",""d"":""754""}",b,"Two-digit numbers leaving remainder 3 when divided by 7: 10, 17, 24, 31, 38, 45, 52, 59, 66, 73, 80, 87, 94. Sum = $\dfrac{13}{2}(10 + 94) = \dfrac{13 \times 104}{2} = 676$. Wait, let me recalculate: 10+17+24+31+38+45+52+59+66+73+80+87+94 = 702",CAT 2020 Slot 2,"Number System, Arithmetic Progression, Remainders"
Pinnacle 6800 6th Ed,Geometry,1,"In a right-angled triangle, the hypotenuse is 13 cm and one side is 5 cm. Find the area of the triangle.","{""a"":""24 cm²"",""b"":""30 cm²"",""c"":""36 cm²"",""d"":""42 cm²""}",b,"Using Pythagoras theorem: $13^2 = 5^2 + b^2$, so $169 = 25 + b^2$, $b^2 = 144$, $b = 12$ cm. Area = $\dfrac{1}{2} \times 5 \times 12 = 30$ cm²",CAT 2023 Slot 3,"Geometry, Right Triangle, Pythagoras Theorem"
Pinnacle 6800 6th Ed,Geometry,2,The radius of a circle is 7 cm. Find the area of the sector subtending an angle of 60° at the center.,"{""a"":""$\\dfrac{77}{3}$ cm²"",""b"":""$\\dfrac{154}{3}$ cm²"",""c"":""$\\dfrac{231}{3}$ cm²"",""d"":""$\\dfrac{308}{3}$ cm²""}",a,Area of sector = $\dfrac{\theta}{360°} \times \pi r^2 = \dfrac{60°}{360°} \times \pi \times 7^2 = \dfrac{1}{6} \times \pi \times 49 = \dfrac{49\pi}{6} = \dfrac{49 \times 22}{6 \times 7} = \dfrac{77}{3}$ cm²,CAT 2022 Slot 1,"Geometry, Circle, Sector Area"